,rolling_window,sharpe_ratio,ann_dollar_return,ann_dollar_std,max_drawdown
0,5,0.5185327583183108,50998.812290045134,98352.15128055339,-165309.99999999994
1,10,0.6941143797084506,104369.99655878745,150364.26215896299,-260919.99999999997
2,20,0.5302600290035613,78189.25096272027,147454.54434808085,-339999.9999999999
3,50,0.2843668222244577,38468.02195821385,135276.0552630507,-316419.9999999999
4,100,0.4540413915871643,65195.92036050799,143590.2575591328,-242349.99999999994
